City ID,City,Country,Lat,Lng,Max Temp,Humidity,Cloudiness,Wind Speed,Current Description
0,Rikitea,PF,-23.1203,-134.9692,75.09,71,28,7.96,scattered clouds
1,Albany,US,42.6001,-73.9662,90.03,50,91,1.01,overcast clouds
2,Avarua,CK,-21.2078,-159.775,71.65,88,100,11.5,light rain
3,New Norfolk,AU,-42.7826,147.0587,41.72,85,53,3.04,light rain
4,Hermanus,ZA,-34.4187,19.2345,56.7,73,5,9.6,clear sky
5,Nukus,UZ,42.4531,59.6103,93.18,26,0,4.61,clear sky
6,Jamestown,US,42.097,-79.2353,83.79,64,100,12.66,overcast clouds
7,Mataura,NZ,-46.1927,168.8643,48.47,85,90,3.04,overcast clouds
8,Persianovskiy,RU,47.5137,40.1075,84.72,34,20,15.66,few clouds
9,Laguna,US,38.421,-121.4238,86.94,50,0,5.75,clear sky
10,Port Alfred,ZA,-33.5906,26.891,56.17,88,8,1.01,clear sky
11,Lufilufi,WS,-13.8745,-171.5986,74.98,80,82,20.69,moderate rain
12,Rostovka,RU,55.3842,71.8891,49.33,88,32,9.46,scattered clouds
13,East London,ZA,-33.0153,27.9116,52.74,82,0,5.75,clear sky
14,Ushuaia,AR,-54.8,-68.3,47.86,76,40,13.8,scattered clouds
15,Severo-Kurilsk,RU,50.6789,156.125,45.84,98,100,12.71,light rain
16,Kamina,CD,-8.7386,24.9906,67.39,38,16,5.14,few clouds
17,Tahta,EG,26.7693,31.5021,94.3,14,0,15.35,clear sky
18,Severnoye,RU,56.3491,78.3619,58.23,96,12,7.74,few clouds
19,Yerbogachen,RU,61.2767,108.0108,58.17,97,94,7.0,overcast clouds
20,Kaitangata,NZ,-46.2817,169.8464,43.02,83,100,5.08,light rain
21,Sao Filipe,CV,14.8961,-24.4956,76.3,75,41,13.18,scattered clouds
22,Voh,NC,-20.9667,164.7,68.23,87,61,5.01,broken clouds
23,Hilo,US,19.7297,-155.09,78.28,93,100,1.01,overcast clouds
24,Cape Town,ZA,-33.9258,18.4232,63.37,68,0,5.75,clear sky
25,Henties Bay,NA,-22.116,14.2845,65.19,60,0,8.43,clear sky
26,Bluff,NZ,-46.6,168.3333,48.79,87,100,27.65,light rain
27,Ribeira Grande,PT,38.5167,-28.7,68.4,88,75,8.05,broken clouds
28,Gravina In Puglia,IT,40.8197,16.4228,89.15,35,18,11.52,few clouds
29,Klyuchi,RU,52.2667,79.1667,72.14,61,24,4.94,light rain
30,Nome,US,64.5011,-165.4064,52.16,100,100,12.66,light rain
31,Kodiak,US,57.79,-152.4072,54.91,67,0,11.5,clear sky
32,Thompson,CA,55.7435,-97.8558,64.56,39,20,0.0,few clouds
33,Cherskiy,RU,68.75,161.3,42.71,57,88,5.1,overcast clouds
34,Leshukonskoye,RU,64.8989,45.7622,53.22,80,100,5.44,overcast clouds
35,Ilulissat,GL,69.2167,-51.1,46.42,66,75,14.97,broken clouds
36,Victoria,HK,22.2855,114.1577,86.32,81,35,5.01,scattered clouds
37,Cockburn Town,TC,21.4612,-71.1419,85.96,66,40,17.27,scattered clouds
38,Dikson,RU,73.5069,80.5464,33.31,89,68,17.22,broken clouds
39,Fortuna,US,40.5982,-124.1573,59.92,100,20,0.0,few clouds
40,Qaanaaq,GL,77.484,-69.3632,44.55,59,100,2.66,overcast clouds
41,Saint-Pierre,RE,-21.3393,55.4781,66.9,55,0,8.05,clear sky
42,Punta Arenas,CL,-53.15,-70.9167,48.31,71,0,34.52,clear sky
43,Iqaluit,CA,63.7506,-68.5145,49.73,57,75,29.93,broken clouds
44,Atuona,PF,-9.8,-139.0333,77.74,68,29,20.31,scattered clouds
45,Saldanha,ZA,-33.0117,17.9442,60.85,70,0,9.82,clear sky
46,Olafsvik,IS,64.8945,-23.7142,44.26,77,91,16.98,overcast clouds
47,Zhangye,CN,38.9342,100.4517,72.79,41,99,9.31,overcast clouds
48,Boguchany,RU,58.3814,97.4531,62.53,96,72,4.23,broken clouds
49,Mitsamiouli,KM,-11.3847,43.2844,80.89,44,20,6.91,few clouds
50,Srednekolymsk,RU,67.45,153.6833,42.71,73,99,8.08,overcast clouds
51,Pieszyce,PL,50.7129,16.5823,83.91,60,52,3.09,broken clouds
52,Yulara,AU,-25.2406,130.9889,50.9,55,0,15.03,clear sky
53,Atasu,KZ,48.6814,71.6433,77.27,49,2,12.59,clear sky
54,Svetlaya,RU,46.5389,138.3297,51.15,98,100,3.02,overcast clouds
55,Old Town,CZ,50.087,14.4202,85.15,48,0,5.01,clear sky
56,Narsaq,GL,60.9167,-46.05,53.82,87,100,8.57,light rain
57,Upernavik,GL,72.7868,-56.1549,39.09,87,99,1.79,overcast clouds
58,Mitu,CO,1.1983,-70.1733,69.98,99,100,3.29,overcast clouds
59,Bungu,TZ,-7.6337,39.0582,68.58,84,75,4.47,broken clouds
60,Souillac,MU,-20.5167,57.5167,70.18,60,20,9.22,few clouds
61,Klaksvik,FO,62.2266,-6.589,56.32,97,43,16.26,scattered clouds
62,Coxim,BR,-18.5067,-54.76,86.31,27,3,4.25,clear sky
63,High Level,CA,58.5169,-117.136,57.31,88,75,9.22,broken clouds
64,Khatanga,RU,71.9667,102.5,46.53,52,8,14.45,clear sky
65,Barrow,US,71.2906,-156.7887,55.42,76,100,13.8,overcast clouds
66,Busselton,AU,-33.65,115.3333,62.24,87,1,10.16,clear sky
67,Broome,US,42.2506,-75.833,87.53,59,20,11.5,few clouds
68,Berezovyy,RU,51.6667,135.7,51.06,97,100,2.82,overcast clouds
69,Basco,PH,20.4487,121.9702,85.53,75,83,18.92,broken clouds
70,Karratha,AU,-20.7377,116.8463,69.19,30,0,17.25,clear sky
71,Vaini,TO,-21.2,-175.2,69.96,94,20,3.44,few clouds
72,Kharan,PK,28.5833,65.4167,97.36,23,55,8.68,broken clouds
73,Upata,VE,8.0086,-62.3989,85.19,80,92,3.11,overcast clouds
74,Bratsk,RU,56.1325,101.6142,68.49,94,72,3.58,broken clouds
75,El Vigia,VE,8.6219,-71.6506,79.99,75,99,0.65,overcast clouds
76,Bhadrachalam,IN,17.6667,80.8833,80.17,81,100,2.24,overcast clouds
77,Pisco,PE,-13.7,-76.2167,64.45,77,40,9.22,scattered clouds
78,Nisia Floresta,BR,-6.0911,-35.2086,88.18,69,53,9.75,light rain
79,Sarankhola,BD,22.3082,89.7897,81.3,87,100,5.21,overcast clouds
80,Bara,NG,10.3744,10.7288,86.97,53,62,6.89,broken clouds
81,Akot,IN,21.0964,77.0586,81.36,76,94,4.47,overcast clouds
82,Puerto Ayora,EC,-0.7393,-90.3518,75.16,96,91,1.01,overcast clouds
83,Mahebourg,MU,-20.4081,57.7,70.09,60,20,9.22,few clouds
84,Nanortalik,GL,60.1432,-45.2371,39.36,97,100,11.61,moderate rain
85,Atar,MR,20.5169,-13.0499,101.84,12,9,11.07,clear sky
86,Chauk,MM,20.8833,94.8167,87.57,58,82,15.57,broken clouds
87,Ucluelet,CA,48.9329,-125.5528,71.91,60,18,3.29,few clouds
88,Dongsheng,CN,39.8161,109.9776,63.01,73,84,4.32,broken clouds
89,Kapaa,US,22.0752,-159.319,71.58,93,40,10.36,light rain
90,Hithadhoo,MV,-0.6,73.0833,83.91,70,100,8.88,overcast clouds
91,Laurinburg,US,34.7741,-79.4628,90.88,42,0,5.75,clear sky
92,Guerrero Negro,MX,27.9769,-114.0611,82.89,45,0,0.67,clear sky
93,Abha,SA,18.2164,42.5053,80.85,13,20,11.5,few clouds
94,Poum,NC,-20.2333,164.0167,74.61,74,53,16.24,broken clouds
95,Kulhudhuffushi,MV,6.6221,73.07,82.71,78,92,14.63,overcast clouds
96,La Ronge,CA,55.1001,-105.2842,68.25,45,75,3.44,broken clouds
97,Shimoda,JP,34.6667,138.95,76.1,89,52,16.42,broken clouds
98,Matagami,CA,49.7502,-77.6328,69.91,73,100,17.27,overcast clouds
99,Roald,NO,62.5833,6.1333,79.72,77,0,12.66,clear sky
100,Bengkulu,ID,-3.8004,102.2655,75.87,86,23,4.27,few clouds
101,Bilma,NE,18.6853,12.9164,104.7,9,24,7.43,few clouds
102,Port Blair,IN,11.6667,92.75,81.0,81,95,12.44,light rain
103,Chiang Khong,TH,20.2613,100.4046,73.27,98,71,0.76,broken clouds
104,Vila Franca Do Campo,PT,37.7167,-25.4333,70.21,63,63,1.63,broken clouds
105,Pevek,RU,69.7008,170.3133,31.35,91,100,6.26,light snow
106,Alyangula,AU,-13.8483,136.4192,76.37,76,90,16.6,overcast clouds
107,Sao Felix Do Xingu,BR,-6.6447,-51.995,87.35,45,93,2.62,overcast clouds
108,Oyama,JP,36.3,139.8,83.59,62,42,3.38,scattered clouds
109,Port Lincoln,AU,-34.7333,135.8667,52.5,67,14,2.64,few clouds
110,Roma,US,43.2128,-75.4557,88.83,49,0,10.36,clear sky
111,Kushima,JP,31.4583,131.2333,77.63,95,59,2.3,broken clouds
112,Asuncion,PY,-25.3007,-57.6359,63.9,88,100,4.61,overcast clouds
113,Asau,RO,46.4333,26.4,74.32,87,79,3.87,broken clouds
114,Tasiilaq,GL,65.6145,-37.6368,41.16,72,38,1.12,scattered clouds
115,Kutum,SD,14.2,24.6667,88.63,23,80,11.16,broken clouds
116,Rafaela,AR,-31.2503,-61.4867,54.0,49,100,4.0,overcast clouds
117,Suhbaatar,MN,50.2314,106.2078,65.08,52,35,0.72,scattered clouds
118,Grand Gaube,MU,-20.0064,57.6608,70.2,65,26,3.0,scattered clouds
119,Jumla,NP,29.2747,82.1838,63.81,96,97,2.1,overcast clouds
120,Chuy,UY,-33.6971,-53.4616,51.89,58,100,4.99,overcast clouds
121,Coari,BR,-4.085,-63.1414,90.7,46,36,2.01,scattered clouds
122,Mitzic,GA,0.7821,11.549,73.0,89,61,1.88,light rain
123,Hasaki,JP,35.7333,140.8333,77.4,84,0,7.87,clear sky
124,Qingdao,CN,36.0986,120.3719,73.0,100,40,11.18,light intensity shower rain
125,Omboue,GA,-1.5746,9.2618,72.95,84,76,8.21,broken clouds
126,Gamba,GA,-2.65,10.0,72.45,84,7,7.23,clear sky
127,Kathor,IN,21.3,72.9333,84.0,78,100,7.81,overcast clouds
128,Christchurch,NZ,-43.5333,172.6333,41.92,91,100,4.61,fog
129,Gat,IL,31.61,34.7642,81.79,40,0,6.2,clear sky
130,Yellowknife,CA,62.456,-114.3525,54.12,71,75,15.01,broken clouds
131,Najran,SA,17.4924,44.1277,97.45,11,80,6.64,broken clouds
132,Ternate,ID,0.8,127.4,79.5,80,83,2.89,broken clouds
133,Awbari,LY,26.5921,12.7805,103.35,8,1,10.74,clear sky
134,Mana,GF,5.6592,-53.7767,83.93,67,79,7.9,broken clouds
135,Almeria,ES,37.1667,-2.3333,85.44,20,0,6.13,clear sky
136,Geraldton,AU,-28.7667,114.6,52.21,87,0,11.5,clear sky
137,Kupang,ID,-10.1667,123.5833,76.98,80,99,12.95,overcast clouds
138,Chuguyevka,RU,44.1653,133.8633,60.78,99,80,1.79,broken clouds
139,Chicama,PE,-7.8447,-79.1469,61.34,61,61,8.1,broken clouds
140,Lebu,CL,-37.6167,-73.65,54.39,79,38,10.85,scattered clouds
141,Lyman,UA,48.9884,37.8023,72.37,64,100,7.7,overcast clouds
142,Hobart,AU,-42.8794,147.3294,42.06,85,75,5.75,broken clouds
143,Duvan,RU,55.695,57.9024,47.59,74,100,10.63,overcast clouds
144,At-Bashi,KG,41.1702,75.8106,63.32,49,11,2.51,few clouds
145,Mar Del Plata,AR,-38.0023,-57.5575,49.95,56,44,1.99,scattered clouds
146,Kieta,PG,-6.2167,155.6333,77.77,87,100,6.98,light rain
147,Talnakh,RU,69.4865,88.3972,54.21,47,100,7.34,overcast clouds
148,Plettenberg Bay,ZA,-34.0527,23.3716,54.91,65,30,2.46,scattered clouds
149,Husavik,IS,66.0449,-17.3389,38.93,98,100,5.32,overcast clouds
150,Uige,AO,-7.6087,15.0613,87.82,27,20,6.91,few clouds
151,Georgetown,MY,5.4112,100.3354,82.33,91,40,5.99,moderate rain
152,Soyo,AO,-6.1349,12.3689,72.23,85,92,10.67,overcast clouds
153,Nantucket,US,41.2835,-70.0995,82.15,88,0,6.91,clear sky
154,Hanzhong,CN,33.0728,107.0303,68.22,93,92,1.52,overcast clouds
155,Yumbel,CL,-37.0833,-72.5667,48.43,62,87,3.58,overcast clouds
156,Shieli,KZ,44.1667,66.75,89.76,18,0,9.66,clear sky
157,Tuktoyaktuk,CA,69.4541,-133.0374,57.2,67,40,14.97,scattered clouds
158,Teya,RU,60.3778,92.6267,60.04,98,100,4.0,light rain
159,Bambous Virieux,MU,-20.3428,57.7575,70.05,60,20,9.22,few clouds
160,Winnemucca,US,40.973,-117.7357,75.25,19,0,13.8,clear sky
161,Chokurdakh,RU,70.6333,147.9167,34.45,62,2,17.2,clear sky
162,El Alto,PE,-4.2714,-81.2147,71.26,65,9,14.41,clear sky
163,Arraial Do Cabo,BR,-22.9661,-42.0278,73.36,60,40,14.97,scattered clouds
164,Bayonet Point,US,28.3267,-82.6834,92.17,65,86,1.99,overcast clouds
165,Storforshei,NO,66.4043,14.5233,80.38,41,20,10.36,few clouds
166,Vardo,NO,70.3705,31.1107,46.63,87,35,8.34,scattered clouds
167,Paamiut,GL,61.994,-49.6678,38.43,96,100,23.53,light rain
168,Hovd,MN,48.0056,91.6419,73.76,36,30,3.91,scattered clouds
169,Terrace Bay,CA,48.7834,-87.1,46.53,86,87,10.33,overcast clouds
170,Oktyabrskiy,RU,54.4815,53.471,55.04,78,23,6.26,few clouds
171,Kavieng,PG,-2.5744,150.7967,82.0,78,100,18.79,light rain
172,Rumuruti,KE,0.267,36.5389,59.67,84,91,10.33,overcast clouds
173,Naze,JP,28.3667,129.4833,77.92,91,88,7.87,overcast clouds
174,Tura,IN,25.5198,90.2201,74.8,95,97,5.41,overcast clouds
175,Paranga,RU,56.7039,49.4047,57.33,76,2,4.65,clear sky
176,Sibolga,ID,1.7427,98.7792,76.73,90,78,3.2,broken clouds
177,Pochutla,MX,15.7432,-96.4661,86.83,54,100,6.67,overcast clouds
178,Cochrane,CA,51.1834,-114.4687,68.65,39,0,4.61,clear sky
179,Umm Lajj,SA,25.0213,37.2685,86.04,55,0,9.13,clear sky
180,Ust-Karsk,RU,52.7011,118.8077,57.63,98,100,2.3,overcast clouds
181,Taraza,CO,7.5836,-75.4007,84.85,65,98,4.16,overcast clouds
182,Banda Aceh,ID,5.5577,95.3222,80.94,72,100,11.3,overcast clouds
183,Goderich,CA,43.7501,-81.7165,72.91,85,94,10.47,overcast clouds
184,Dzerzhinskoye,RU,56.8344,95.2283,65.68,94,22,7.09,few clouds
185,Castro,BR,-24.7911,-50.0119,56.16,83,100,6.58,overcast clouds
186,Port Moresby,PG,-9.4431,147.1797,74.62,100,20,3.44,few clouds
187,Ahtopol,BG,42.1,27.95,72.16,70,54,3.53,broken clouds
188,Clyde River,CA,70.4692,-68.5914,34.03,93,100,12.66,light snow
189,Luganville,VU,-15.5333,167.1667,78.73,78,22,14.81,few clouds
190,Batagay-Alyta,RU,67.8006,130.4114,35.71,83,100,5.17,overcast clouds
191,Bouna,CI,9.2667,-3.0,87.1,51,92,5.12,overcast clouds
192,Codrington,AU,-38.2667,141.9667,46.08,74,24,7.38,few clouds
193,Broken Hill,AU,-31.95,141.4333,47.05,88,8,14.58,clear sky
194,Te Anau,NZ,-45.4167,167.7167,46.42,90,97,7.0,light rain
195,Padang,ID,-0.9492,100.3543,77.14,83,74,4.34,broken clouds
196,Touros,BR,-5.1989,-35.4608,82.96,66,28,13.87,scattered clouds
197,Bathsheba,BB,13.2167,-59.5167,86.61,74,40,24.16,scattered clouds
198,Huangmei,CN,30.1924,116.025,80.46,82,95,2.35,overcast clouds
199,Faanui,PF,-16.4833,-151.75,80.35,67,47,18.07,scattered clouds
200,Sitka,US,57.0531,-135.33,55.29,88,100,3.44,mist
201,Hofn,IS,64.2539,-15.2082,50.02,66,100,9.22,overcast clouds
202,Constitucion,CL,-35.3333,-72.4167,57.51,70,69,6.6,broken clouds
203,Tsurib,RU,42.2368,46.8307,60.13,95,79,1.07,light rain
204,Kudahuvadhoo,MV,2.6708,72.8944,83.08,76,100,11.39,overcast clouds
205,Bredasdorp,ZA,-34.5322,20.0403,51.51,87,7,5.12,clear sky
206,Nara,JP,34.6851,135.8049,78.91,69,29,1.07,scattered clouds
207,Sarangani,PH,5.4033,125.4636,80.71,77,97,1.81,overcast clouds
208,Katherine,AU,-14.4667,132.2667,75.52,33,100,9.22,overcast clouds
209,Seshcha,RU,53.7361,33.3387,72.66,76,74,3.83,broken clouds
210,Martinopolis,BR,-22.1458,-51.1708,74.52,50,56,11.99,broken clouds
211,Gazalkent,UZ,41.5581,69.7708,82.04,24,0,6.46,clear sky
212,Vestmanna,FO,62.1564,-7.1664,54.52,82,75,16.11,broken clouds
213,Saint George,US,37.1041,-113.5841,92.79,21,0,4.61,clear sky
214,Lander,US,42.833,-108.7307,67.1,49,0,0.0,clear sky
215,Korla,CN,41.7597,86.1469,84.07,29,82,6.64,broken clouds
216,Adre,TD,13.4667,22.2,86.07,37,86,16.75,overcast clouds
217,Pimentel,PE,-6.8367,-79.9342,68.29,68,75,3.44,broken clouds
218,Marzuq,YE,14.4,46.4667,85.96,40,99,7.14,overcast clouds
219,Akureyri,IS,65.6835,-18.0878,42.73,81,75,11.5,broken clouds
220,Rocha,UY,-34.4833,-54.3333,50.99,57,93,5.97,overcast clouds
221,Abu Samrah,SY,35.3029,37.1841,77.4,33,0,17.25,clear sky
222,Santa Rosa,PH,14.3122,121.1114,79.11,87,96,5.35,overcast clouds
223,Forest Hills,US,42.9595,-85.4898,79.43,62,75,14.97,broken clouds
224,Norman Wells,CA,65.282,-126.8329,59.04,58,75,9.22,broken clouds
225,Victor Harbor,AU,-35.5667,138.6167,48.0,88,28,2.95,scattered clouds
226,Cidreira,BR,-30.1811,-50.2056,57.92,61,99,5.68,overcast clouds
227,Isangel,VU,-19.55,169.2667,74.66,85,57,12.08,broken clouds
228,Dumas,US,35.8656,-101.9732,67.6,72,100,16.11,overcast clouds
229,Airai,TL,-8.9266,125.4092,58.06,97,99,3.62,overcast clouds
230,Nea Apollonia,GR,40.6333,23.45,85.8,61,53,4.54,broken clouds
231,Kjopsvik,NO,68.097,16.3742,76.87,51,51,3.22,broken clouds
232,Pasni,PK,25.2631,63.471,83.14,87,41,8.14,scattered clouds
233,Nikolskoye,RU,59.7035,30.7861,82.29,51,2,4.5,clear sky
234,Arman,RU,59.7,150.1667,45.86,97,23,3.67,few clouds
235,Paragominas,BR,-2.9667,-47.4833,88.79,44,42,5.48,scattered clouds
236,Chachapoyas,PE,-6.2317,-77.869,62.82,54,74,7.07,broken clouds
237,Arcachon,FR,44.5875,-1.0519,66.52,68,100,3.44,overcast clouds
238,Cabo San Lucas,MX,22.8909,-109.9124,78.62,91,100,16.11,overcast clouds
239,Tiznit,MA,29.5833,-9.5,68.04,70,8,12.3,clear sky
240,Tatawin,TN,32.9297,10.4518,101.98,13,11,23.76,few clouds
241,Afzalgarh,IN,29.4,78.6833,92.08,45,37,9.33,scattered clouds
242,Carnarvon,AU,-24.8667,113.6333,68.94,42,0,12.93,light rain
243,Tuatapere,NZ,-46.1333,167.6833,48.16,92,98,6.55,light rain
244,Oussouye,SN,12.485,-16.5469,93.38,66,100,11.74,light rain
245,Kruisfontein,ZA,-34.0033,24.7314,53.89,70,31,2.66,scattered clouds
246,Khorramshahr,IR,30.4397,48.1664,102.16,19,0,11.5,dust
247,Jining,CN,35.405,116.5814,79.05,90,92,8.66,heavy intensity rain
248,Cognac,FR,45.5,-0.25,67.6,60,0,5.75,clear sky
249,Hohhot,CN,40.8106,111.6522,64.69,94,40,4.47,scattered clouds
250,Loreto,MX,22.2667,-101.9667,73.35,40,100,2.8,overcast clouds
251,Imbituba,BR,-28.24,-48.6703,63.09,78,64,5.99,broken clouds
252,Tibacuy,CO,4.3511,-72.4564,72.39,91,100,10.36,overcast clouds
253,Waddan,LY,29.1614,16.139,104.04,11,0,11.39,clear sky
254,Lata,PT,40.1629,-8.3327,65.93,44,63,13.53,broken clouds
255,Namibe,AO,-15.1961,12.1522,68.63,77,75,13.8,broken clouds
256,Hami,CN,42.8,93.45,86.23,21,10,4.05,clear sky
257,Cayenne,GF,4.9333,-52.3333,89.64,26,0,5.75,clear sky
258,Mnogovershinnyy,RU,53.9353,139.9242,42.51,96,60,1.88,broken clouds
259,Tual,ID,-5.6667,132.75,79.52,82,100,13.42,moderate rain
260,Port Elizabeth,ZA,-33.918,25.5701,58.32,93,40,6.91,scattered clouds
261,Butaritari,KI,3.0707,172.7902,82.17,76,6,18.34,light rain
262,Sukhobezvodnoye,RU,57.0491,44.8891,64.17,68,3,2.91,clear sky
263,Guangzhou,CN,23.1167,113.25,82.87,69,65,7.4,broken clouds
264,Srivardhan,IN,18.0333,73.0167,80.58,85,100,15.7,overcast clouds
265,Weligama,LK,5.9667,80.4167,79.48,86,85,12.06,overcast clouds
266,Wuan,CN,31.6836,112.0044,79.12,93,100,4.52,light rain
267,Caravelas,BR,-17.7125,-39.2481,76.68,68,80,13.67,broken clouds
268,Sweetwater,US,25.7634,-80.3731,93.02,61,75,10.36,broken clouds
269,Liverpool,GB,53.4106,-2.9779,68.61,57,75,25.32,broken clouds
270,Saint-Philippe,RE,-21.3585,55.7679,65.79,60,3,4.79,clear sky
271,Luderitz,NA,-26.6481,15.1594,70.93,44,0,6.82,clear sky
272,Shizunai,JP,42.3339,142.3669,62.1,100,100,4.52,overcast clouds
273,Aklavik,CA,68.2191,-135.0107,59.0,72,75,11.5,haze
274,Esperance,AU,-33.8667,121.9,55.69,61,16,16.46,few clouds
275,Ponta Do Sol,PT,32.6667,-17.1,74.71,64,44,3.11,scattered clouds
276,Liepaja,LV,56.5419,21.0367,84.18,42,0,2.3,clear sky
277,Gorontalo,ID,0.5412,123.0595,74.86,95,69,2.66,broken clouds
278,Bafata,GW,12.1667,-14.75,94.21,44,62,3.42,broken clouds
279,Nuevo Progreso,MX,23.1667,-97.95,90.54,59,72,1.99,broken clouds
280,Porto Novo,BJ,6.4965,2.6036,76.82,79,100,6.96,overcast clouds
281,Bandarbeyla,SO,9.4942,50.8122,81.14,66,61,28.25,broken clouds
282,Vila Velha,BR,-20.3297,-40.2925,73.35,73,75,15.01,broken clouds
283,Urumqi,CN,43.801,87.6005,85.15,22,0,4.47,clear sky
284,Axim,GH,4.8699,-2.2405,78.75,77,100,6.55,overcast clouds
285,Bethel,US,41.3712,-73.414,89.19,55,20,8.05,few clouds
286,Havoysund,NO,70.9963,24.6622,52.03,77,99,16.73,overcast clouds
287,Araouane,ML,18.9048,-3.5265,108.88,10,2,7.9,clear sky
288,Coolidge,US,32.9778,-111.5176,96.66,29,0,8.05,clear sky
289,Baykit,RU,61.67,96.37,58.06,91,23,0.4,few clouds
290,Rosetta,EG,31.4044,30.4164,78.55,72,0,11.25,clear sky
291,Filingue,NE,14.3521,3.3168,98.98,28,100,8.08,overcast clouds
292,Belaya Gora,RU,68.5333,146.4167,37.29,53,90,5.7,overcast clouds
293,Leningradskiy,RU,69.3833,178.4167,39.76,86,100,14.83,overcast clouds
294,Oksfjord,NO,70.2396,22.3479,64.47,51,43,5.3,scattered clouds
295,Maceio,BR,-9.6658,-35.7353,76.44,88,75,9.22,broken clouds
296,Motygino,RU,58.1831,94.7592,63.14,95,92,3.09,light rain
297,Laon,FR,49.5667,3.6667,63.01,83,100,5.26,overcast clouds
298,Hargeysa,SO,9.56,44.065,69.87,65,100,22.75,moderate rain
299,Erzin,TR,36.9559,36.2,75.54,64,30,6.44,scattered clouds
300,Chapais,CA,49.7834,-74.8492,82.18,38,90,16.51,overcast clouds
301,Dingle,PH,10.9995,122.6711,77.34,89,100,3.6,overcast clouds
302,Vikindu,TZ,-7.0067,39.2985,72.36,76,70,9.75,broken clouds
303,Mountain Home,US,43.133,-115.6912,72.88,25,0,14.97,clear sky
304,San Cristobal,VE,7.7669,-72.225,75.38,77,94,6.13,overcast clouds
305,Mumford,GH,5.2618,-0.759,78.1,82,100,8.12,overcast clouds
306,Lompoc,US,34.6391,-120.4579,57.61,96,100,0.0,overcast clouds
307,Oromocto,CA,45.8351,-66.4792,73.33,78,0,4.61,clear sky
308,Verkhnyaya Toyma,RU,62.2349,44.9985,66.51,59,80,4.12,broken clouds
309,Bujaru,BR,-1.515,-48.0447,90.97,46,83,3.4,broken clouds
310,Manono,CD,-7.3,27.4167,78.8,30,31,7.63,scattered clouds
311,Tiksi,RU,71.6872,128.8694,32.0,81,9,5.95,clear sky
312,Charters Towers,AU,-20.1,146.2667,65.16,77,63,10.49,broken clouds
313,Thinadhoo,MV,0.5333,72.9333,82.53,76,100,9.86,heavy intensity rain
314,Aska,IN,19.6061,84.6725,82.72,81,33,7.07,scattered clouds
315,Fujin,CN,47.26,132.0322,56.1,94,3,3.67,clear sky
316,Saku,JP,36.2167,138.4833,64.99,89,15,3.96,few clouds
317,Alofi,NU,-19.0595,-169.9187,71.49,94,85,21.92,overcast clouds
318,Byron Bay,AU,-28.65,153.6167,52.95,86,90,5.61,overcast clouds
319,Hokitika,NZ,-42.7167,170.9667,49.53,88,73,3.18,broken clouds
320,Jiexiu,CN,37.0244,111.9125,72.7,76,100,6.58,overcast clouds
321,Sorland,NO,67.667,12.6934,57.06,94,6,16.02,clear sky
322,Dunedin,NZ,-45.8742,170.5036,48.79,62,84,4.94,broken clouds
323,Zaysan,KZ,47.4667,84.8667,76.6,27,0,9.4,clear sky
324,Natal,BR,-5.795,-35.2094,88.02,58,20,9.22,few clouds
325,Chelmza,PL,53.1846,18.6047,87.06,48,6,9.57,clear sky
326,Sao Joao Da Barra,BR,-21.6403,-41.0511,71.69,68,99,17.34,overcast clouds
327,Phibun Mangsahan,TH,15.2447,105.2291,80.58,83,74,6.11,moderate rain
328,Portobelo,PA,9.55,-79.65,82.96,82,100,2.06,overcast clouds
329,Harper,LR,4.375,-7.7169,79.45,80,59,12.5,light rain
330,Springbok,ZA,-29.6643,17.8865,60.76,55,0,19.1,clear sky
331,Peniche,PT,39.3558,-9.3811,71.29,55,4,17.92,clear sky
332,Deulgaon Raja,IN,20.0167,76.0333,78.55,76,80,15.5,broken clouds
333,Rio Rancho,US,35.2334,-106.6645,63.79,91,100,10.36,overcast clouds
334,Sauce,UY,-34.6469,-56.0628,49.62,56,100,5.66,light rain
335,Khakhea,BW,-24.6895,23.494,63.46,43,48,9.24,scattered clouds
336,Zhezkazgan,KZ,47.8043,67.7144,85.98,23,0,11.18,clear sky
337,Port Hawkesbury,CA,45.6169,-61.3485,72.9,87,100,10.36,overcast clouds
338,Meghri,AM,38.9029,46.2446,72.14,77,11,4.29,few clouds
339,Emerald,AU,-23.5333,148.1667,60.35,72,100,7.63,overcast clouds
340,Karpathos,GR,35.507,27.2132,78.76,73,0,18.41,clear sky
341,Lagoa,PT,39.05,-27.9833,65.77,85,85,11.25,light rain
342,Baie-Comeau,CA,49.2168,-68.1489,65.88,63,0,9.22,clear sky
343,San Patricio,US,28.017,-97.5169,92.07,40,11,11.03,few clouds
344,Bilibino,RU,68.0546,166.4372,44.82,93,100,4.83,moderate rain
345,Beringovskiy,RU,63.05,179.3167,43.29,93,100,3.94,overcast clouds
346,Pskov,RU,57.8136,28.3496,84.11,54,0,4.47,clear sky
347,Mehamn,NO,71.0357,27.8492,48.15,87,75,9.22,broken clouds
348,Sola,VU,-13.8833,167.55,80.83,71,48,24.72,scattered clouds
349,Yatou,CN,37.15,122.3833,73.53,83,100,13.65,moderate rain
350,Palanga,LT,55.9175,21.0686,84.22,48,0,2.3,clear sky
351,Saskylakh,RU,71.9167,114.0833,38.66,63,100,12.01,overcast clouds
352,Torbay,CA,47.6666,-52.7314,78.89,72,75,11.5,broken clouds
353,Coos Bay,US,43.3665,-124.2179,64.24,77,0,9.22,clear sky
354,Alta Floresta,BR,-9.8756,-56.0861,96.62,28,20,10.36,few clouds
355,Tlapacoyan,MX,19.9667,-97.2167,84.06,59,7,5.28,clear sky
356,Provideniya,RU,64.3833,-173.3,44.89,96,100,9.01,overcast clouds
357,Hervey Bay,AU,-25.2986,152.8535,64.67,74,100,7.54,overcast clouds
358,Lokhvytsya,UA,50.3678,33.2602,71.94,76,95,8.37,overcast clouds
359,Baiyin,CN,36.5583,104.2081,70.11,48,94,3.98,overcast clouds
360,Tongliao,CN,43.6125,122.2653,70.86,73,55,7.47,broken clouds
361,Mbigou,GA,-1.9005,11.906,71.83,87,88,2.53,overcast clouds
362,Sokoni,TZ,-6.4333,39.55,77.76,75,60,20.13,broken clouds
363,Faya,SA,18.3851,42.4509,81.12,50,82,4.99,broken clouds
364,Ribeira Brava,PT,32.65,-17.0667,72.12,55,53,1.95,broken clouds
365,Oksovskiy,RU,62.6062,39.8984,65.59,93,75,5.91,broken clouds
366,Anshun,CN,26.25,105.9333,68.49,92,100,12.3,overcast clouds
367,Jalu,LY,29.0331,21.5482,101.05,14,0,8.88,clear sky
368,West Bay,KY,19.3667,-81.4167,87.87,74,20,9.22,few clouds
369,Ambilobe,MG,-13.2,49.05,69.62,73,10,5.21,clear sky
370,Necochea,AR,-38.5473,-58.7368,48.51,48,58,10.0,broken clouds
371,Dzhebariki-Khaya,RU,62.2167,135.8,63.81,65,10,4.5,clear sky
372,Inuvik,CA,68.3499,-133.7218,63.61,55,75,9.22,broken clouds
373,Sindor,RU,62.8629,51.8905,57.47,48,79,2.39,broken clouds
374,Yenagoa,NG,4.9247,6.2642,76.55,91,100,3.49,moderate rain
375,Beloha,MG,-25.1667,45.05,63.73,75,25,6.96,scattered clouds
376,Bartica,GY,6.4,-58.6167,86.32,69,70,1.99,broken clouds
377,Ugra,RU,54.7777,34.3267,74.79,74,41,1.92,scattered clouds
378,Safford,US,32.834,-109.7076,76.12,94,100,9.22,overcast clouds
379,Hobyo,SO,5.3505,48.5268,80.33,75,2,30.82,clear sky
380,Altea,ES,38.5989,-0.0514,81.79,73,2,5.01,clear sky
381,Yar-Sale,RU,66.8333,70.8333,57.0,42,97,17.49,overcast clouds
382,Pervomayskiy,RU,53.2485,40.2871,69.67,80,28,5.48,scattered clouds
383,Orodara,BF,10.9492,-4.9342,91.15,38,13,9.33,few clouds
384,Zhoucheng,CN,35.9122,116.3117,79.39,81,83,1.32,heavy intensity rain
385,Vagur,FO,61.4732,-6.8119,50.05,95,10,19.24,clear sky
386,Ucar,AZ,40.519,47.6542,78.98,57,75,18.7,light rain
387,Chifeng,CN,42.2683,118.9636,73.22,66,100,6.06,light rain
388,Cuitzeo,MX,20.3333,-102.7833,82.63,54,100,2.98,overcast clouds
389,Meiganga,CM,6.5167,14.3,69.15,91,76,5.88,moderate rain
390,Lodja,CD,-3.4833,23.4333,81.82,41,76,1.48,broken clouds
391,Edson,CA,53.5835,-116.4356,68.11,34,0,9.22,clear sky
392,Conceicao Do Araguaia,BR,-8.2578,-49.2647,94.23,21,72,5.93,broken clouds
393,Karlstad,SE,59.3793,13.5036,82.96,30,75,8.05,broken clouds
394,Ketchikan,US,55.3422,-131.6461,63.07,77,0,10.36,clear sky
395,Nemuro,JP,43.3236,145.575,57.6,98,47,7.16,scattered clouds
396,San Policarpo,PH,12.1791,125.5072,80.83,81,100,12.71,overcast clouds
397,Sabang,ID,5.8933,95.3214,82.96,74,100,17.85,overcast clouds
398,Longyearbyen,SJ,78.2186,15.6401,44.44,70,75,18.41,broken clouds
399,Qrendi,MT,35.8347,14.4583,85.66,62,0,12.66,clear sky
400,Lasa,IT,46.6166,10.7002,81.7,57,92,5.01,overcast clouds
401,Coahuayana,MX,18.7333,-103.6833,82.49,60,100,0.83,overcast clouds
402,Mbandaka,CD,0.0487,18.2603,76.78,74,93,1.9,overcast clouds
403,Sosnovo-Ozerskoye,RU,52.5249,111.5418,53.4,71,70,5.57,broken clouds
404,Kampot,KH,10.6167,104.1833,82.45,84,96,4.68,overcast clouds
405,Wad Rawah,SD,15.1603,33.1397,99.81,22,21,4.99,few clouds
406,Kumluca,TR,36.3703,30.2869,79.97,57,51,3.94,broken clouds
407,Le Havre,FR,49.4938,0.1077,67.75,59,0,8.05,clear sky
408,Holland,US,42.7875,-86.1089,77.56,69,100,14.97,overcast clouds
409,Ahipara,NZ,-35.1667,173.1667,53.67,85,16,5.88,few clouds
410,Ostrovnoy,RU,68.0531,39.5131,42.6,90,71,14.18,broken clouds
411,Rudnogorsk,RU,57.2639,103.7519,59.32,96,83,4.34,broken clouds
412,Half Moon Bay,US,37.4636,-122.4286,73.81,83,100,6.91,mist
413,Mandalgovi,MN,45.7625,106.2708,55.4,88,100,9.37,overcast clouds
414,Gotha,DE,50.9482,10.7019,81.0,52,0,6.91,clear sky
415,Molokovo,RU,58.1661,36.7628,77.2,69,2,3.83,clear sky
416,Madang,PG,-5.2246,145.7966,76.26,91,99,3.65,overcast clouds
417,Woodward,US,36.4337,-99.3904,63.63,72,0,11.5,clear sky
418,Comodoro Rivadavia,AR,-45.8667,-67.5,51.66,32,0,9.22,clear sky
419,Ust-Maya,RU,60.4167,134.5333,63.52,72,14,3.36,few clouds
420,Tucuman,AR,-26.8241,-65.2226,48.2,87,100,2.3,mist
421,Kamphaeng Phet,TH,16.25,99.5,79.41,82,73,3.13,broken clouds
422,Seoul,KR,37.5683,126.9778,82.0,79,100,10.36,light rain
423,Hamilton,US,39.1834,-84.5333,86.86,63,0,5.75,clear sky
424,Honningsvag,NO,70.9821,25.9704,51.55,71,89,14.97,overcast clouds
425,Berlevag,NO,70.8578,29.0864,49.8,81,100,14.97,overcast clouds
426,Alice Springs,AU,-23.7,133.8833,44.15,81,43,5.75,scattered clouds
427,Kavaratti,IN,10.5669,72.642,82.53,80,99,19.71,overcast clouds
428,Walvis Bay,NA,-22.9575,14.5053,83.35,26,0,8.05,clear sky
429,Port Hardy,CA,50.6996,-127.4199,55.4,100,100,4.61,fog
430,Kirovskiy,RU,45.0917,133.5136,58.95,97,74,2.86,broken clouds
431,Qaqortoq,GL,60.7167,-46.0333,40.33,93,100,13.18,light rain
432,Sinnai,IT,39.3042,9.2036,88.25,51,0,11.5,clear sky
433,The Pas,CA,53.8251,-101.2541,68.02,42,0,4.61,clear sky
434,Luwuk,ID,-0.9516,122.7875,76.96,86,44,3.89,scattered clouds
435,Haimen,CN,23.1935,116.6142,80.49,85,41,4.94,scattered clouds
436,Santa Isabel,BR,-23.3156,-46.2214,65.91,79,99,7.96,overcast clouds
437,Deputatskiy,RU,69.3,139.9,29.12,76,65,3.47,broken clouds
438,Kodinsk,RU,58.6881,99.1844,60.91,92,76,3.89,broken clouds
439,Verkhoyansk,RU,67.5447,133.385,40.35,86,100,5.48,light rain
440,Yaan,NG,7.3833,8.5667,80.29,77,100,0.69,overcast clouds
441,Kholm,RU,59.2667,32.85,80.8,57,5,4.83,clear sky
442,Marmora,IT,44.4583,7.094,75.45,75,60,5.08,broken clouds
443,Nsoko,SZ,-27.0333,31.95,59.04,65,0,3.6,clear sky
444,Mirnyy,RU,62.5353,113.9611,59.23,93,65,4.0,broken clouds
445,Lugoba,TZ,-6.45,38.3333,70.14,63,92,3.96,overcast clouds
446,Rafsanjan,IR,30.4067,55.9939,93.56,8,26,10.0,scattered clouds
447,Taltal,CL,-25.4,-70.4833,63.43,57,100,1.34,light rain
448,Antalaha,MG,-14.9003,50.2788,68.81,80,34,9.95,scattered clouds
449,Shimanovsk,RU,52.0,127.7,61.07,80,0,2.57,clear sky
450,Omsukchan,RU,62.5333,155.8,54.34,82,65,7.49,broken clouds
451,Pili,PH,13.5833,123.3,77.29,91,100,2.35,overcast clouds
452,Bereda,ES,43.2686,-7.5406,65.41,83,97,4.41,overcast clouds
453,Bonavista,CA,48.6499,-53.1147,55.47,91,99,6.78,overcast clouds
454,Pundaguitan,PH,6.3711,126.1689,81.18,77,100,4.18,overcast clouds
455,Iquique,CL,-20.2208,-70.1431,62.64,62,96,7.45,overcast clouds
456,Raga,SS,8.4596,25.678,82.96,44,73,4.07,broken clouds
457,Nouakchott,MR,18.0858,-15.9785,89.53,58,28,19.93,scattered clouds
458,Wismar,DE,53.9,11.4667,74.68,88,86,4.0,overcast clouds
459,Labuhan,ID,-6.8844,112.2051,77.04,88,100,10.29,overcast clouds
460,Pindiga,NG,9.9833,10.9333,85.28,53,74,8.57,broken clouds
461,Taguatinga,BR,-12.3857,-46.5711,91.8,17,8,6.15,clear sky
462,Nuuk,GL,64.1835,-51.7216,45.21,81,75,25.32,light rain
463,Chumikan,RU,54.7183,135.315,43.29,98,84,2.44,broken clouds
464,Shizukuishi,JP,39.6833,140.9833,70.02,94,97,5.77,overcast clouds
465,Uvalde,US,29.3669,-99.767,88.32,35,75,6.91,broken clouds
466,Talavera,PH,15.6167,120.9333,76.6,91,98,4.76,overcast clouds
467,Yichang,CN,30.7144,111.2847,83.1,78,100,0.89,overcast clouds
468,Aberystwyth,GB,52.4155,-4.0829,57.88,85,66,20.47,broken clouds
469,Xuanhua,CN,40.6103,115.0447,71.1,82,100,3.22,moderate rain
470,Port Macquarie,AU,-31.4333,152.9167,48.88,77,100,6.31,overcast clouds
471,Aripuana,BR,-9.1667,-60.6333,91.87,30,97,3.74,overcast clouds
472,Wanaka,NZ,-44.7,169.15,43.84,93,100,6.53,overcast clouds
473,Komsomolskiy,UZ,40.4272,71.7189,90.32,25,25,4.61,scattered clouds
474,Daru,PG,-9.0763,143.2092,78.87,89,63,15.3,broken clouds
475,Tazovskiy,RU,67.4667,78.7,52.79,49,100,14.43,overcast clouds
476,Hirara,JP,24.8,125.2833,83.55,81,81,16.04,broken clouds
477,Tautira,PF,-17.7333,-149.15,78.82,77,45,19.35,light rain
478,Ocampo,MX,21.65,-101.5,71.49,37,84,4.63,broken clouds
479,Morwell,AU,-38.2333,146.4,42.35,99,53,2.39,broken clouds
480,Tarauaca,BR,-8.1614,-70.7656,88.47,41,5,4.23,clear sky
481,Ajdabiya,LY,30.7554,20.2263,88.9,33,0,15.99,clear sky
482,Tabou,CI,4.423,-7.3528,79.29,80,70,11.92,light rain
483,Maues,BR,-3.3836,-57.7186,93.83,40,32,3.76,scattered clouds
484,Tiarei,PF,-17.5333,-149.3333,71.62,77,16,21.61,light rain
485,Gazanjyk,TM,39.2446,55.5154,97.18,24,0,9.91,clear sky
486,El Fuerte,MX,26.4189,-108.6194,87.98,54,77,6.33,broken clouds
487,Beyneu,KZ,45.3167,55.2,93.87,24,46,5.23,light rain
488,Berkovica,BA,44.6156,18.4294,86.31,65,3,1.48,clear sky
489,Moville,US,42.4889,-96.0725,71.6,46,25,12.33,scattered clouds
490,Pangnirtung,CA,66.1451,-65.7125,39.2,100,100,9.22,light rain
491,Sakakah,SA,29.9697,40.2064,92.77,15,0,10.67,clear sky
492,Veraval,IN,20.9,70.3667,83.71,80,95,5.86,heavy intensity rain
493,Sayansk,RU,54.1088,102.1648,61.7,79,51,5.3,broken clouds
494,Hualmay,PE,-11.0964,-77.6139,67.5,68,84,6.6,broken clouds
495,Deqing,CN,30.5448,119.9599,80.8,83,100,3.42,overcast clouds
496,Santiago Del Estero,AR,-27.7951,-64.2615,50.31,87,100,3.91,overcast clouds
497,Razvilka,RU,55.5917,37.7408,85.28,52,38,4.83,scattered clouds
498,Siuna,NI,13.7332,-84.7773,84.63,61,99,5.17,overcast clouds
499,Dire Dawa,ET,9.5931,41.8661,75.49,58,100,17.94,light rain
500,Selenginsk,RU,52.0064,106.8647,63.01,58,91,4.38,overcast clouds
501,Gawler,AU,-34.6,138.7333,45.48,95,1,3.6,clear sky
502,Dudinka,RU,69.4058,86.1778,54.63,53,97,23.98,overcast clouds
503,Dalbandin,PK,28.8947,64.4101,91.17,33,0,14.38,clear sky
504,Sur,OM,22.5667,59.5289,92.62,56,73,11.03,broken clouds
505,Energeticheskiy,KZ,43.4278,77.0222,75.76,57,20,4.47,few clouds
506,Lavrentiya,RU,65.5833,-171.0,43.48,94,100,5.93,overcast clouds
507,Boz,FR,46.4071,4.9109,72.39,97,100,6.15,overcast clouds
508,Nanae,JP,41.8833,140.6833,66.79,99,100,6.85,overcast clouds
509,Hammerfest,NO,70.6634,23.6821,63.05,42,0,6.91,clear sky
510,Laizhou,CN,37.1717,119.9214,73.62,91,100,11.27,heavy intensity rain
511,Kawalu,ID,-7.3817,108.2082,72.19,96,100,1.48,overcast clouds
512,Namwala,ZM,-15.7504,26.4384,62.42,47,15,7.14,few clouds
513,Yantal,RU,56.8471,105.2542,60.98,98,94,4.0,light rain
514,Springdale,US,36.1867,-94.1288,83.5,76,0,16.11,clear sky
515,Gimli,CA,50.6336,-96.9907,59.02,58,100,12.66,overcast clouds
516,Eydhafushi,MV,5.1033,73.0708,82.92,77,75,13.4,broken clouds
517,Sayyan,YE,15.1718,44.3244,69.42,38,96,3.65,overcast clouds
518,Lingyuan,CN,41.24,119.4011,72.03,67,90,1.52,overcast clouds
519,Meulaboh,ID,4.1363,96.1285,76.71,85,99,4.36,light rain
520,Arkhara,RU,49.4212,130.0842,58.41,96,0,7.18,clear sky
521,Mishelevka,RU,52.8575,103.1719,63.66,67,36,4.63,scattered clouds
522,College,US,64.8569,-147.8028,71.2,59,75,8.05,smoke
523,Tukums,LV,56.9669,23.1553,83.55,59,2,7.07,clear sky
524,Mawlaik,MM,23.6333,94.4167,78.71,92,98,1.16,light rain
525,Novopokrovka,UA,49.8425,36.5477,71.56,78,100,7.74,overcast clouds
526,Mago,RU,53.2514,140.1822,42.82,97,17,2.01,few clouds
527,Sumbe,AO,-11.2061,13.8437,71.01,88,11,9.01,few clouds
528,Sanming,CN,26.2486,117.6186,76.03,91,96,3.24,overcast clouds
529,Manta,EC,-0.95,-80.7333,74.98,78,100,10.36,overcast clouds
530,Tangzhai,CN,34.4328,116.5911,80.15,84,100,9.57,overcast clouds
531,Kabare,CD,-2.4683,28.8242,60.8,93,99,1.59,light rain
532,Birin,NP,26.8865,88.0718,64.44,93,92,1.61,overcast clouds
533,Joshimath,IN,30.5667,79.5667,73.51,89,97,1.45,overcast clouds
534,Xalpatlahuac,MX,17.4667,-98.6167,74.57,54,52,3.83,broken clouds
535,Ukiah,US,39.1502,-123.2078,86.94,29,0,4.12,clear sky
536,Kilinochchi,LK,9.3961,80.3982,81.14,77,99,14.63,overcast clouds
537,Pitimbu,BR,-7.4706,-34.8086,84.79,75,33,9.84,scattered clouds
538,Gravdal,NO,68.1214,13.5031,59.14,77,29,11.12,scattered clouds
539,Jaque,PA,7.5175,-78.1703,80.89,77,92,7.0,overcast clouds
540,Ahuimanu,US,21.4447,-157.8378,74.91,80,40,5.75,light rain
541,Mount Isa,AU,-20.7333,139.5,64.17,45,96,9.22,overcast clouds
542,Tara,RU,56.8944,74.371,53.44,95,5,7.78,clear sky
543,Ihosy,MG,-22.4,46.1167,57.96,86,0,10.29,clear sky
544,Gayeri,BF,12.6497,0.4931,96.66,32,100,9.6,overcast clouds
545,Porbandar,IN,21.6422,69.6093,84.72,81,94,9.35,overcast clouds
546,Songjianghe,CN,42.1859,127.479,57.9,97,1,4.29,clear sky
547,Lakselv,NO,70.0513,24.9718,57.02,58,0,10.36,clear sky
548,Katsuura,JP,35.1333,140.3,74.86,91,5,15.19,clear sky
549,Bloomfield,US,40.8068,-74.1854,92.3,44,0,12.66,clear sky
550,Kiama,AU,-34.6833,150.8667,53.38,69,44,5.01,scattered clouds
551,Lugovoy,KZ,42.9472,72.7644,79.0,41,11,10.65,few clouds
552,Nouadhibou,MR,20.931,-17.0347,76.98,57,0,23.02,sand
553,Llano Largo,PA,7.9,-80.4333,86.47,76,99,2.53,overcast clouds
554,Irbil,IQ,36.1926,44.0106,93.02,21,0,6.91,dust
555,Tukrah,LY,32.5341,20.5791,84.4,46,0,9.06,clear sky
556,Ancud,CL,-41.8697,-73.8203,50.23,64,0,3.58,clear sky
557,Orkney,ZA,-26.9802,26.6727,53.96,27,0,6.55,clear sky
558,Anito,PH,12.4497,125.2886,79.09,87,100,10.83,overcast clouds
559,Barcelos,PT,41.5388,-8.6151,67.91,52,14,14.45,few clouds
560,Ranong,TH,9.9658,98.6348,79.65,87,100,6.42,moderate rain
561,Trofors,NO,65.5333,13.4063,80.11,47,80,5.7,broken clouds
562,Farafangana,MG,-22.8167,47.8333,67.57,88,22,10.63,moderate rain
563,Palmer,US,42.1584,-72.3287,91.92,39,20,9.22,few clouds
564,Valparaiso,CL,-33.0393,-71.6273,59.23,72,40,4.61,scattered clouds
565,Rundu,NA,-17.9333,19.7667,63.95,31,6,7.56,clear sky
566,Salalah,OM,17.0151,54.0924,84.29,89,75,9.22,broken clouds
567,Altay,CN,47.8667,88.1167,71.55,44,40,6.76,scattered clouds
568,Chernyshevskiy,RU,63.0128,112.4714,56.71,92,100,4.05,overcast clouds
569,Poronaysk,RU,49.2167,143.1167,49.8,91,87,4.94,overcast clouds
570,Nizwa,OM,22.9333,57.5333,98.06,23,46,0.27,scattered clouds
571,Jablah,SY,35.3614,35.9256,79.09,61,20,20.71,few clouds
572,Selikhino,RU,50.3672,137.4996,49.46,97,100,3.62,overcast clouds
573,Grindavik,IS,63.8424,-22.4338,46.35,81,100,19.57,light intensity drizzle
574,Lazurne,UA,46.084,32.5295,74.3,66,99,9.26,overcast clouds
575,Coolum Beach,AU,-26.5333,153.1,61.11,81,95,4.12,overcast clouds
576,Wajima,JP,37.4,136.9,72.57,88,73,14.32,broken clouds
577,Buenaventura,CO,3.8801,-77.0312,80.87,80,75,3.94,broken clouds
578,Tecoanapa,MX,16.5167,-98.75,85.42,59,83,5.75,broken clouds
579,Meadow Lake,US,34.8014,-106.5436,63.84,86,100,5.3,overcast clouds
580,Tanggu,CN,39.0211,117.6469,76.96,88,100,8.41,overcast clouds
581,Camacha,PT,33.0833,-16.3333,67.42,56,20,14.97,few clouds
582,Gisors,FR,49.2818,1.7801,71.67,51,100,8.9,overcast clouds
583,Pangody,RU,65.85,74.4859,54.63,72,100,5.12,overcast clouds
584,Katsuyama,JP,36.0617,136.501,80.96,94,13,6.17,few clouds
585,Trairi,BR,-3.2778,-39.2689,84.69,62,22,11.25,few clouds
586,El Tocuyo,VE,9.7873,-69.7937,86.72,42,100,8.7,overcast clouds
587,Sept-Iles,CA,50.2001,-66.3821,67.05,62,40,12.66,scattered clouds
588,Kamenka,RU,51.3223,42.7678,65.3,69,0,12.12,clear sky
589,San Quintin,MX,30.4833,-115.95,75.56,60,0,6.04,clear sky
590,Sao Miguel Do Araguaia,BR,-13.275,-50.1628,93.33,17,25,4.16,scattered clouds
591,Naryan-Mar,RU,67.6713,53.087,39.33,81,100,11.86,overcast clouds
592,Maldonado,UY,-34.6667,-54.9167,49.39,57,96,5.68,overcast clouds
593,Huarmey,PE,-10.0681,-78.1522,67.6,73,79,7.87,broken clouds
594,Bhilwara,IN,25.35,74.6333,98.08,25,15,10.87,few clouds
595,Bikaner,IN,28.0167,73.3,100.96,16,7,3.42,clear sky
596,Wuda,CN,39.4994,106.7117,71.71,55,14,2.86,few clouds
597,Port Keats,AU,-14.25,129.55,76.68,37,100,14.14,overcast clouds
598,Humaita,BR,-7.5061,-63.0208,88.74,42,58,4.63,broken clouds
599,Eureka,US,40.8021,-124.1637,63.79,69,14,4.81,few clouds
600,Namtsy,RU,62.7161,129.6658,65.53,80,93,7.72,overcast clouds
601,Westport,US,41.1415,-73.3579,92.44,63,0,6.91,clear sky
602,Morant Bay,JM,17.8815,-76.4093,88.72,67,22,11.48,few clouds
603,Tyulgan,RU,52.3405,56.166,52.83,75,38,11.32,scattered clouds
604,Port-Gentil,GA,-0.7193,8.7815,75.16,83,20,12.66,few clouds
605,Viedma,AR,-40.8135,-62.9967,48.56,51,65,19.17,broken clouds
606,Marsh Harbour,BS,26.5412,-77.0636,81.36,75,11,9.48,few clouds
607,Roebourne,AU,-20.7833,117.1333,69.4,30,0,18.37,clear sky
608,The Valley,AI,18.217,-63.0578,87.66,66,40,18.41,scattered clouds
609,Gornopravdinsk,RU,60.05,69.9,52.61,99,100,5.84,light rain
610,Cristalina,BR,-16.7686,-47.6136,77.63,22,68,5.93,broken clouds
611,Barguzin,RU,53.6167,109.6167,59.79,68,73,3.4,broken clouds
612,Santa Ana,US,33.7456,-117.8678,94.41,83,40,5.75,haze
613,Richards Bay,ZA,-28.783,32.0377,61.41,78,0,5.01,clear sky
614,Yellandu,IN,17.6,80.3333,79.9,77,100,3.78,overcast clouds
615,Miyang,CN,24.4042,103.4428,66.04,96,100,4.94,overcast clouds
616,Praia Da Vitoria,PT,38.7333,-27.0667,71.85,78,75,7.34,light intensity shower rain
617,Kyrnasivka,UA,48.5955,28.979,68.09,85,75,6.35,broken clouds
618,Moose Factory,CA,51.2585,-80.6094,64.4,100,100,12.66,mist
619,Irondequoit,US,43.2134,-77.5797,90.66,50,75,13.8,broken clouds
620,Turukhansk,RU,65.8167,87.9833,61.02,79,98,8.55,overcast clouds
621,Pedasi,PA,7.5333,-80.0333,87.06,76,98,9.37,overcast clouds
622,Unai,BR,-16.3575,-46.9061,84.31,25,80,4.36,broken clouds
623,Kahului,US,20.8947,-156.47,76.84,76,20,5.75,few clouds
624,Capesterre-Belle-Eau,GP,16.0432,-61.566,87.17,77,97,16.28,overcast clouds
625,Bayji,IQ,34.9311,43.487,92.28,15,0,13.13,clear sky
626,Todos Santos,MX,23.45,-110.2167,76.44,91,100,6.69,overcast clouds
627,Esil,KZ,51.9556,66.4042,59.79,70,73,8.79,broken clouds
628,Gisborne,NZ,-38.6533,178.0042,49.23,87,7,5.48,clear sky
629,Bourail,NC,-21.5667,165.4833,67.98,84,55,4.12,broken clouds
630,Nabire,ID,-3.3667,135.4833,74.88,95,100,2.71,heavy intensity rain
631,Kilindoni,TZ,-7.9139,39.6668,77.7,74,73,19.89,broken clouds
632,Cabra,ES,37.4725,-4.4421,83.66,26,0,1.99,clear sky
633,Hoi An,VN,15.8794,108.335,78.76,88,39,7.67,scattered clouds
634,Thunder Bay,CA,48.4001,-89.3168,60.78,67,100,20.71,overcast clouds
635,Livingston,GB,55.9029,-3.5226,63.14,69,40,16.11,scattered clouds
636,Marfino,RU,55.7028,37.3822,84.45,37,0,8.95,clear sky
637,Gannan,CN,47.9147,123.5031,67.77,78,38,4.41,scattered clouds
638,Karpinsk,RU,59.7654,60.0085,42.04,89,100,10.09,overcast clouds
639,Belmonte,BR,-15.8631,-38.8828,77.81,65,97,13.65,overcast clouds
640,Sioux Lookout,CA,50.1001,-91.917,50.07,93,100,18.41,mist
641,Rowland Heights,US,33.9761,-117.9053,98.28,66,0,3.44,clear sky
642,Coruripe,BR,-10.1256,-36.1756,78.31,79,40,13.73,scattered clouds
643,Lingen,DE,52.5167,7.3167,72.23,63,100,4.36,overcast clouds
644,Bambanglipuro,ID,-7.95,110.2833,76.73,88,100,7.61,overcast clouds
645,Whitianga,NZ,-36.8333,175.7,49.95,90,19,5.57,few clouds
646,Trondheim,NO,63.4305,10.3951,79.99,52,58,5.01,broken clouds
647,Dombarovskiy,RU,50.7587,59.5386,62.37,54,4,14.92,clear sky
648,Mayo,US,38.8876,-76.5119,90.5,66,71,11.01,broken clouds
649,Mormugao,IN,15.4,73.8,81.34,79,96,15.84,overcast clouds
650,Gladstone,AU,-23.85,151.25,62.78,72,100,5.75,overcast clouds
651,Brasilia,BR,-15.7797,-47.9297,79.63,36,0,5.75,clear sky
652,Nyurba,RU,63.2842,118.3319,61.68,78,100,6.22,overcast clouds
653,Okha,RU,53.5739,142.9478,45.5,96,100,13.58,overcast clouds
654,Santo Amaro Da Imperatriz,BR,-27.6881,-48.7786,66.65,66,98,3.31,overcast clouds
655,Kimbe,PG,-5.5502,150.1429,75.85,90,100,4.45,overcast clouds
656,Waingapu,ID,-9.6567,120.2641,77.97,71,95,13.98,overcast clouds
657,Muros,ES,42.7762,-9.0603,61.09,79,22,13.44,few clouds
658,Pacific Grove,US,36.6177,-121.9166,66.81,95,100,8.01,overcast clouds
659,Merauke,ID,-8.4667,140.3333,78.19,89,83,14.7,broken clouds
660,Surt,LY,31.2089,16.5887,84.92,58,0,17.29,clear sky
661,Sinnamary,GF,5.3833,-52.95,82.13,70,92,6.2,overcast clouds
662,Launceston,AU,-41.45,147.1667,35.15,93,75,0.0,broken clouds
663,Kuna,US,43.4918,-116.4201,80.08,28,0,12.66,clear sky
664,Vaitape,PF,-16.5167,-151.75,80.42,67,47,18.07,scattered clouds
665,Kaeo,NZ,-35.1,173.7833,51.04,93,17,3.38,few clouds
666,Adrar,MR,20.5022,-10.0711,100.2,12,2,14.56,clear sky
667,Aksarka,RU,66.5606,67.7975,52.75,54,89,17.49,overcast clouds
668,Benito Juarez,MX,19.385,-99.165,66.99,60,75,4.0,broken clouds
669,Deolali,IN,19.95,73.8333,75.65,83,41,8.43,scattered clouds
670,Svirstroy,RU,60.7999,33.7248,74.14,59,5,5.53,clear sky
671,San Felipe,VE,10.3399,-68.7425,83.62,60,100,5.68,overcast clouds
672,Mareeba,AU,-17.0,145.4333,69.44,85,100,3.2,overcast clouds
673,Letlhakane,BW,-21.4167,25.5833,54.43,69,48,15.66,scattered clouds
674,Raudeberg,NO,61.9875,5.1352,57.87,97,100,7.99,light rain
675,Paita,PE,-5.0892,-81.1144,69.15,70,13,10.67,few clouds
676,Salima,MW,-13.7804,34.4587,69.6,56,10,10.98,clear sky
677,Asfi,MA,32.2994,-9.2372,70.88,64,0,24.02,clear sky
678,Tigil,RU,57.8,158.6667,48.47,72,0,1.12,clear sky
679,Quatre Cocos,MU,-20.2078,57.7625,69.91,65,17,13.04,few clouds
680,Bhainsdehi,IN,21.6467,77.6325,77.95,75,44,6.06,moderate rain
681,Egvekinot,RU,66.3167,-179.1667,36.0,99,100,2.51,overcast clouds
682,Havre-Saint-Pierre,CA,50.2334,-63.5986,71.96,43,0,10.36,clear sky
683,Angoram,PG,-4.0625,144.0661,72.95,99,100,1.68,overcast clouds
684,Smolensk,RU,55.0,33.0,76.12,70,44,0.85,scattered clouds
685,Sulangan,PH,11.1373,123.7228,83.43,74,99,8.37,light rain
686,Rawah,IQ,34.4816,41.9093,88.41,19,0,6.13,clear sky
687,Rawson,AR,-43.3002,-65.1023,51.48,46,0,22.64,clear sky
688,Sarakhs,IR,36.5449,61.1577,104.14,13,0,9.22,clear sky
689,Ponta Delgada,PT,37.7333,-25.6667,70.52,64,40,6.91,scattered clouds
690,Hay River,CA,60.8156,-115.7999,53.58,82,75,14.97,broken clouds
691,Madimba,TZ,-10.4,40.3333,75.65,67,37,15.55,scattered clouds
692,Quang Ngai,VN,15.1167,108.8,77.52,91,40,5.46,scattered clouds
693,Mingyue,CN,43.1069,128.9217,61.41,96,1,2.35,clear sky
694,Bandarban,BD,22.1965,92.2262,83.91,98,100,1.97,overcast clouds
695,Magadan,RU,59.5667,150.8,45.7,96,82,5.88,broken clouds
696,Miranda,CO,3.2499,-76.2281,81.64,73,71,3.44,broken clouds
697,Musoma,TZ,-1.5,33.8,72.61,66,87,2.66,overcast clouds
698,Aksu,CN,41.1231,80.2644,84.88,26,4,6.46,clear sky
699,Sarahan,IN,31.5167,77.8,67.59,64,70,0.56,broken clouds
700,Solms,DE,50.7667,9.6,82.35,56,71,7.23,broken clouds
701,Okhansk,RU,57.7186,55.3877,51.87,69,98,10.07,overcast clouds
702,Qandala,SO,11.472,49.8728,92.17,49,100,3.4,overcast clouds
703,Puerto Del Rosario,ES,28.5004,-13.8627,73.15,68,75,17.27,broken clouds
704,Urusha,RU,54.05,122.9,58.66,91,89,1.54,overcast clouds
705,Igarka,RU,67.4667,86.5833,60.19,92,100,7.58,light rain
706,Mpongwe,ZM,-13.5091,28.155,63.59,46,22,12.91,few clouds
707,Kungurtug,RU,50.5994,97.5228,57.92,55,3,1.86,clear sky
708,Shestakovo,RU,56.4915,103.96,61.0,98,90,4.56,light rain
709,Iracoubo,GF,5.4802,-53.2011,83.1,69,79,6.62,broken clouds
710,Tshane,BW,-24.0196,21.8684,59.92,49,12,8.7,few clouds
711,Vathi,GR,38.4,23.6,87.75,43,1,4.0,clear sky
712,Xucheng,CN,20.35,110.1288,81.41,81,8,14.5,clear sky
713,Grand-Santi,GF,4.25,-54.3833,92.52,44,39,2.75,scattered clouds
714,Zheleznogorsk-Ilimskiy,RU,56.5768,104.1217,59.85,98,92,4.81,light rain
715,Havelock,US,34.8791,-76.9013,88.05,67,75,9.22,broken clouds
716,Powell River,CA,49.8496,-124.5361,74.34,60,20,4.61,few clouds
717,Along,IN,28.1667,94.7667,73.24,99,100,0.74,overcast clouds
